lh.aparc.area	lh_bankssts_area	lh_caudalanteriorcingulate_area	lh_caudalmiddlefrontal_area	lh_cuneus_area	lh_entorhinal_area	lh_fusiform_area	lh_inferiorparietal_area	lh_inferiortemporal_area	lh_isthmuscingulate_area	lh_lateraloccipital_area	lh_lateralorbitofrontal_area	lh_lingual_area	lh_medialorbitofrontal_area	lh_middletemporal_area	lh_parahippocampal_area	lh_paracentral_area	lh_parsopercularis_area	lh_parsorbitalis_area	lh_parstriangularis_area	lh_pericalcarine_area	lh_postcentral_area	lh_posteriorcingulate_area	lh_precentral_area	lh_precuneus_area	lh_rostralanteriorcingulate_area	lh_rostralmiddlefrontal_area	lh_superiorfrontal_area	lh_superiorparietal_area	lh_superiortemporal_area	lh_supramarginal_area	lh_frontalpole_area	lh_temporalpole_area	lh_transversetemporal_area	lh_insula_area	lh_WhiteSurfArea_area	BrainSegVolNotVent	eTIV
sub-0001	1584.0	617.0	1734.0	1642.0	380.0	3075.0	5474.0	3859.0	1303.0	5507.0	2656.0	3207.0	1907.0	4208.0	732.0	1352.0	2124.0	828.0	1969.0	1273.0	4162.0	1126.0	4774.0	4143.0	774.0	6233.0	8067.0	5644.0	4459.0	4597.0	313.0	495.0	436.0	2624.0	93265.0	1235952.0	1560838.764254
sub-0002	1019.0	552.0	2108.0	1625.0	404.0	3020.0	4614.0	3735.0	812.0	5446.0	2364.0	2889.0	1700.0	3604.0	610.0	1488.0	1896.0	662.0	1412.0	1327.0	4080.0	1157.0	4288.0	3208.0	681.0	4853.0	7018.0	5026.0	3918.0	4209.0	273.0	373.0	423.0	2049.0	82825.1	1056970.0	1115228.151399
sub-0003	916.0	506.0	1920.0	1064.0	409.0	2745.0	4023.0	3145.0	844.0	3693.0	2091.0	2033.0	1454.0	2953.0	667.0	1257.0	1271.0	592.0	1088.0	1046.0	3133.0	960.0	4317.0	3532.0	722.0	4386.0	6301.0	4231.0	3331.0	3263.0	216.0	440.0	387.0	2108.0	71028.1	945765.0	1186697.257955
sub-0004	905.0	403.0	1601.0	1255.0	481.0	2689.0	3546.0	3219.0	770.0	4199.0	2218.0	2307.0	1384.0	2818.0	595.0	1255.0	1562.0	678.0	1398.0	1132.0	2999.0	899.0	3770.0	3786.0	489.0	4367.0	5757.0	4808.0	3364.0	3065.0	271.0	467.0	413.0	2082.0	70952.9	973916.0	952776.991909
sub-0005	1096.0	573.0	2041.0	1493.0	343.0	2812.0	4797.0	3089.0	1023.0	5137.0	2775.0	3054.0	1897.0	3240.0	713.0	1307.0	1478.0	707.0	1250.0	1447.0	3814.0	1415.0	4514.0	3865.0	580.0	6184.0	6995.0	5438.0	3741.0	3319.0	252.0	444.0	420.0	2076.0	83325.1	1089881.0	1497742.976131
sub-0006	1047.0	464.0	2427.0	1616.0	512.0	3478.0	4970.0	3758.0	1199.0	6443.0	2601.0	3502.0	1943.0	3338.0	589.0	1123.0	1395.0	665.0	1339.0	1586.0	4585.0	1052.0	4743.0	4023.0	887.0	6588.0	7621.0	5458.0	4419.0	5156.0	261.0	546.0	514.0	2529.0	92368.2	1281422.0	1441004.6407
sub-0007	808.0	369.0	1633.0	1524.0	458.0	2769.0	4655.0	2970.0	926.0	4837.0	1868.0	2573.0	1264.0	2650.0	539.0	1058.0	1323.0	615.0	1283.0	1029.0	3318.0	712.0	3442.0	3178.0	553.0	4986.0	5700.0	5087.0	3094.0	2648.0	314.0	436.0	352.0	1661.0	70631.2	916439.0	927712.749474
sub-0008	1225.0	644.0	2203.0	1783.0	666.0	3277.0	4310.0	3913.0	1021.0	5280.0	2797.0	3105.0	2111.0	3619.0	698.0	1531.0	1604.0	726.0	1451.0	1278.0	4619.0	1193.0	5097.0	4587.0	928.0	5381.0	8799.0	6592.0	3885.0	5675.0	278.0	565.0	374.0	2445.0	93656.9	1254394.0	1604284.294118
sub-0009	876.0	596.0	1820.0	1164.0	282.0	2713.0	4156.0	2645.0	833.0	4210.0	2503.0	2555.0	1538.0	2647.0	613.0	1327.0	1533.0	572.0	1280.0	1208.0	3262.0	1112.0	3505.0	3164.0	683.0	4420.0	6716.0	4747.0	3225.0	3458.0	210.0	412.0	343.0	2092.0	72418.8	919357.0	924942.844516
sub-0010	1071.0	442.0	2557.0	1473.0	564.0	2838.0	4097.0	3619.0	885.0	4750.0	2486.0	3436.0	1745.0	3454.0	687.0	1229.0	1662.0	642.0	1336.0	1375.0	4063.0	1082.0	5023.0	3820.0	548.0	5910.0	7334.0	5428.0	4084.0	4154.0	231.0	469.0	436.0	2160.0	85084.3	1115137.0	1332963.907826
sub-0011	826.0	371.0	1722.0	1296.0	325.0	2365.0	3604.0	2344.0	915.0	4280.0	2013.0	2272.0	1293.0	2432.0	585.0	1224.0	1588.0	576.0	1215.0	999.0	3294.0	922.0	4292.0	3217.0	533.0	4196.0	5824.0	4936.0	3321.0	4210.0	223.0	410.0	454.0	1887.0	69884.2	916414.0	1050308.739903
sub-0012	914.0	508.0	2078.0	1801.0	475.0	2965.0	4760.0	3291.0	793.0	5413.0	2442.0	2768.0	1813.0	2934.0	621.0	1503.0	1508.0	611.0	1011.0	1566.0	4217.0	1051.0	4695.0	3893.0	676.0	4806.0	6905.0	5414.0	3272.0	3589.0	257.0	472.0	351.0	2000.0	81365.6	1093680.0	1174483.265912
sub-0013	1170.0	596.0	2150.0	1523.0	423.0	3482.0	4427.0	3164.0	1206.0	5155.0	2880.0	2706.0	1816.0	3204.0	606.0	1383.0	2018.0	761.0	1650.0	1519.0	4382.0	1429.0	4546.0	4289.0	1035.0	6588.0	7637.0	6050.0	4265.0	5431.0	291.0	414.0	575.0	2429.0	91197.8	1245924.0	1575330.67754
sub-0014	886.0	499.0	2462.0	1385.0	535.0	3002.0	4125.0	2958.0	983.0	4790.0	2498.0	3253.0	1805.0	2855.0	753.0	1152.0	1258.0	688.0	1230.0	1373.0	3872.0	1055.0	4545.0	3479.0	528.0	5109.0	6651.0	4641.0	3592.0	3666.0	222.0	483.0	388.0	2127.0	78845.8	1087763.0	1206059.232953
sub-0015	921.0	608.0	2529.0	1629.0	482.0	3169.0	4602.0	3172.0	927.0	5630.0	2496.0	3133.0	1945.0	2946.0	579.0	1302.0	1894.0	619.0	1434.0	1180.0	4227.0	1253.0	4706.0	4029.0	971.0	5898.0	7973.0	6288.0	3767.0	3912.0	240.0	449.0	413.0	2221.0	87537.6	1157625.0	1400508.836146
sub-0016	996.0	549.0	2010.0	1474.0	374.0	2995.0	3990.0	3004.0	943.0	4282.0	2343.0	3166.0	1597.0	2696.0	627.0	1244.0	1554.0	604.0	1438.0	1421.0	3695.0	979.0	3925.0	3449.0	687.0	5551.0	6303.0	4737.0	3296.0	4087.0	261.0	409.0	372.0	1968.0	77023.7	1078694.0	1226969.408346
sub-0017	770.0	570.0	1591.0	1532.0	341.0	2602.0	3657.0	2562.0	851.0	4399.0	2218.0	3041.0	1703.0	2559.0	515.0	1093.0	1443.0	702.0	1427.0	1551.0	3960.0	873.0	4651.0	3001.0	707.0	4101.0	6708.0	4620.0	3263.0	2678.0	224.0	357.0	377.0	1954.0	72602.5	975124.0	1223580.126877
sub-0018	1425.0	533.0	2489.0	1450.0	571.0	3579.0	5165.0	3665.0	889.0	5191.0	2688.0	2742.0	1859.0	3623.0	864.0	1480.0	1516.0	792.0	1283.0	1195.0	4644.0	975.0	5325.0	4946.0	902.0	5752.0	7214.0	6195.0	4826.0	4847.0	268.0	414.0	508.0	2383.0	92200.1	1205241.0	1420234.794428
sub-0019	933.0	443.0	2221.0	1234.0	404.0	2647.0	3738.0	2526.0	774.0	4327.0	2080.0	2768.0	1628.0	2642.0	581.0	1205.0	1767.0	695.0	1316.0	1188.0	3634.0	930.0	4078.0	3119.0	560.0	4503.0	6413.0	5080.0	3377.0	3047.0	235.0	442.0	385.0	2013.0	72841.1	971395.0	962037.916402
sub-0020	936.0	774.0	2625.0	1249.0	388.0	3117.0	4110.0	2960.0	975.0	4733.0	2909.0	2968.0	1753.0	3135.0	736.0	1421.0	1801.0	742.0	1466.0	1110.0	4174.0	1427.0	4952.0	4465.0	1080.0	5471.0	7746.0	7466.0	4715.0	3971.0	250.0	514.0	458.0	2305.0	88896.5	1141418.0	1241908.211028
sub-0021	1506.0	641.0	2206.0	1514.0	577.0	3314.0	5846.0	3887.0	1093.0	5413.0	2948.0	2413.0	1899.0	3669.0	783.0	1632.0	1549.0	817.0	1075.0	1167.0	4125.0	1062.0	4739.0	4488.0	899.0	6079.0	8314.0	5463.0	4550.0	4054.0	247.0	552.0	474.0	2291.0	91259.1	1211298.0	1268981.067234
sub-0022	882.0	609.0	1857.0	1623.0	473.0	3155.0	3703.0	2857.0	899.0	5258.0	2344.0	2839.0	1482.0	2692.0	583.0	1216.0	1579.0	662.0	1350.0	1364.0	3467.0	1062.0	4587.0	3443.0	751.0	5119.0	7223.0	5658.0	3502.0	3101.0	232.0	466.0	441.0	2023.0	78494.7	1116051.0	1189521.862383
sub-0023	1187.0	489.0	2418.0	1804.0	588.0	3218.0	4676.0	3542.0	1360.0	5579.0	2660.0	2956.0	2207.0	3658.0	738.0	1447.0	1708.0	689.0	1334.0	1161.0	4540.0	1534.0	5124.0	4526.0	840.0	5987.0	9182.0	6784.0	4463.0	5436.0	312.0	514.0	414.0	2376.0	95439.8	1424017.0	1678356.032306
sub-0024	1019.0	529.0	2493.0	1700.0	564.0	3374.0	4373.0	3413.0	939.0	6050.0	2538.0	3059.0	1835.0	3136.0	589.0	1279.0	1412.0	748.0	1244.0	1477.0	4429.0	1058.0	4734.0	3403.0	707.0	6040.0	7425.0	6075.0	3692.0	3644.0	308.0	574.0	354.0	2456.0	86603.6	1166575.0	1298269.115385
sub-0025	845.0	578.0	2118.0	1445.0	444.0	3367.0	4662.0	3699.0	901.0	5215.0	2844.0	2915.0	1958.0	3475.0	628.0	1319.0	1557.0	714.0	1386.0	1207.0	4413.0	1220.0	4363.0	3532.0	985.0	5478.0	7280.0	5411.0	3807.0	3998.0	253.0	544.0	529.0	2324.0	85407.3	1210527.0	1394087.467248
sub-0026	757.0	450.0	1956.0	1338.0	594.0	3322.0	3678.0	2663.0	823.0	5377.0	2514.0	2944.0	1538.0	2653.0	717.0	1336.0	1337.0	751.0	1042.0	1457.0	3645.0	1002.0	4263.0	3351.0	668.0	4696.0	7156.0	4638.0	3577.0	3293.0	253.0	508.0	418.0	2001.0	76712.5	967664.0	1027587.946123
sub-0027	1074.0	552.0	2045.0	1265.0	374.0	2828.0	4509.0	3100.0	958.0	4648.0	2605.0	2781.0	1830.0	3343.0	626.0	1313.0	1746.0	607.0	1281.0	1148.0	3695.0	1161.0	4464.0	3855.0	872.0	5701.0	6080.0	5324.0	3885.0	4058.0	234.0	393.0	427.0	2260.0	81041.5	1108001.0	1476204.172769
sub-0028	1326.0	620.0	2288.0	1537.0	474.0	3258.0	4916.0	3766.0	874.0	4887.0	2628.0	2286.0	2066.0	3634.0	764.0	1382.0	1644.0	668.0	1269.0	1150.0	4021.0	1365.0	4381.0	3793.0	888.0	5577.0	8092.0	4689.0	4351.0	4286.0	276.0	594.0	419.0	2286.0	86381.6	1186626.0	1366729.649065
sub-0029	1111.0	570.0	2811.0	1829.0	524.0	3524.0	5138.0	3672.0	1037.0	5193.0	2947.0	3237.0	2107.0	4102.0	700.0	1305.0	1777.0	832.0	1740.0	1414.0	5355.0	1434.0	5825.0	5087.0	953.0	7034.0	8562.0	6416.0	4971.0	5173.0	303.0	549.0	615.0	2492.0	100332.0	1300269.0	1581114.586967
sub-0030	828.0	618.0	2213.0	1720.0	436.0	3291.0	4313.0	3772.0	1105.0	5690.0	3214.0	3257.0	1866.0	3248.0	683.0	1422.0	1798.0	758.0	1472.0	1502.0	4981.0	1320.0	5002.0	4033.0	965.0	5522.0	7768.0	6024.0	4255.0	4970.0	259.0	529.0	535.0	2452.0	91814.1	1236943.0	1492150.190437
sub-0031	1032.0	743.0	2008.0	1687.0	520.0	3693.0	5556.0	3896.0	1042.0	5461.0	2870.0	3660.0	1930.0	3621.0	735.0	1576.0	1816.0	847.0	1543.0	1722.0	4250.0	1392.0	4948.0	4255.0	1165.0	7407.0	8575.0	6542.0	4482.0	4396.0	254.0	423.0	498.0	2506.0	97012.6	1306451.0	1450269.997242
sub-0032	827.0	531.0	2051.0	1940.0	329.0	3035.0	3704.0	2783.0	1336.0	4857.0	2659.0	3429.0	1714.0	2517.0	645.0	1292.0	1535.0	848.0	1251.0	1895.0	3894.0	1302.0	4513.0	4366.0	699.0	5389.0	7478.0	5877.0	4766.0	4343.0	277.0	411.0	622.0	2312.0	85424.7	1096925.0	1246161.583717
sub-0033	853.0	704.0	2038.0	1479.0	404.0	3221.0	4362.0	3172.0	867.0	4897.0	2440.0	2889.0	1768.0	3117.0	602.0	1262.0	1636.0	769.0	1649.0	1374.0	3879.0	1187.0	4147.0	3280.0	804.0	5575.0	6997.0	5208.0	3701.0	3752.0	261.0	464.0	386.0	2242.0	81388.4	1114250.0	1282027.556818
sub-0034	810.0	750.0	2611.0	1467.0	479.0	2895.0	3879.0	3150.0	1062.0	4778.0	2747.0	2958.0	1882.0	2824.0	658.0	1452.0	1674.0	675.0	1409.0	1371.0	4471.0	1330.0	5318.0	3685.0	752.0	5652.0	7795.0	4771.0	3739.0	3418.0	277.0	482.0	497.0	2133.0	83851.8	1190883.0	1281517.339249
sub-0035	1100.0	587.0	2024.0	1320.0	451.0	3065.0	4702.0	3166.0	741.0	4283.0	2475.0	2102.0	1839.0	3492.0	659.0	1488.0	1472.0	655.0	1289.0	1067.0	3847.0	1153.0	4395.0	3509.0	797.0	5714.0	7951.0	4403.0	4421.0	3935.0	210.0	439.0	503.0	2423.0	81570.0	1093359.0	1487893.384555
sub-0036	954.0	569.0	2123.0	1374.0	449.0	3019.0	3870.0	3409.0	756.0	4906.0	2520.0	2882.0	1702.0	3028.0	620.0	1320.0	1429.0	640.0	1267.0	1259.0	3609.0	1184.0	3810.0	3226.0	761.0	5485.0	6785.0	4762.0	3806.0	3701.0	280.0	445.0	418.0	2095.0	78463.4	1042832.0	1170094.984101
sub-0037	914.0	531.0	2568.0	1224.0	346.0	2791.0	4460.0	3423.0	872.0	4606.0	2694.0	2382.0	1796.0	3704.0	675.0	1327.0	1545.0	635.0	1356.0	1149.0	4292.0	1097.0	4504.0	3673.0	902.0	5217.0	7163.0	5344.0	3546.0	3867.0	237.0	420.0	376.0	2143.0	81773.2	1077984.0	1313579.750429
sub-0038	867.0	575.0	2593.0	1251.0	380.0	2806.0	4763.0	3049.0	897.0	4536.0	2641.0	2552.0	1863.0	2637.0	613.0	1432.0	1523.0	765.0	1295.0	1025.0	3666.0	1128.0	5028.0	3990.0	924.0	5058.0	7509.0	5350.0	3712.0	3576.0	256.0	507.0	414.0	2279.0	81113.5	1065041.0	1155574.165384
sub-0039	975.0	713.0	1701.0	1329.0	479.0	2690.0	5578.0	3154.0	968.0	4844.0	2010.0	2743.0	1499.0	3146.0	639.0	1182.0	1619.0	645.0	1315.0	1401.0	3362.0	1208.0	3944.0	3499.0	639.0	4577.0	5950.0	5622.0	3580.0	3238.0	241.0	472.0	369.0	1892.0	77220.1	1042272.0	1216281.240076
sub-0040	1043.0	767.0	2538.0	1753.0	482.0	3104.0	4586.0	3259.0	916.0	5421.0	2331.0	3151.0	1864.0	3069.0	574.0	1378.0	1931.0	710.0	1201.0	1853.0	3815.0	1200.0	4704.0	3609.0	964.0	5584.0	6966.0	5478.0	3745.0	3602.0	224.0	506.0	374.0	2172.0	84791.3	1159406.0	1299590.7541
sub-0041	1353.0	1343.0	3351.0	1256.0	609.0	3476.0	5804.0	4011.0	1466.0	4810.0	2861.0	3110.0	2343.0	3604.0	1013.0	1306.0	1574.0	712.0	1375.0	1009.0	4645.0	1048.0	6069.0	4874.0	1170.0	7036.0	9123.0	6935.0	4838.0	6198.0	292.0	593.0	489.0	2599.0	102288.0	1403826.0	1809842.58152
sub-0042	805.0	580.0	2406.0	1845.0	324.0	3038.0	4742.0	3363.0	935.0	5411.0	2625.0	2723.0	2140.0	3335.0	747.0	1381.0	1486.0	657.0	1463.0	1388.0	4196.0	1129.0	4377.0	4168.0	843.0	6245.0	7691.0	5883.0	4301.0	3976.0	276.0	483.0	466.0	2353.0	87770.8	1153841.0	1233708.303119
sub-0043	922.0	540.0	2654.0	1691.0	360.0	3096.0	4458.0	3198.0	1118.0	4946.0	2659.0	3539.0	1771.0	3164.0	735.0	1311.0	2087.0	671.0	1761.0	1871.0	4082.0	1051.0	4881.0	3901.0	689.0	6240.0	7758.0	5234.0	3573.0	4569.0	290.0	430.0	382.0	2478.0	88097.0	1148252.0	1488278.352641
sub-0044	1053.0	900.0	2641.0	1301.0	418.0	3046.0	4699.0	3111.0	904.0	5048.0	2062.0	3156.0	1668.0	3460.0	711.0	1211.0	1309.0	514.0	1076.0	1349.0	3550.0	1265.0	4689.0	3242.0	910.0	5043.0	6609.0	4451.0	3980.0	3722.0	277.0	410.0	405.0	1926.0	80097.9	1098496.0	1358076.168294
sub-0045	899.0	842.0	2393.0	1817.0	332.0	2387.0	3269.0	3063.0	1026.0	5176.0	2448.0	3437.0	1659.0	2973.0	593.0	1193.0	1539.0	691.0	1524.0	1578.0	4334.0	1258.0	4483.0	3671.0	894.0	6613.0	6519.0	5044.0	3938.0	4563.0	235.0	420.0	462.0	2410.0	83666.8	1117416.0	1210231.412956
sub-0046	1005.0	492.0	2047.0	1841.0	564.0	3179.0	5575.0	3970.0	1040.0	5749.0	2715.0	3370.0	1841.0	3302.0	777.0	1357.0	1820.0	891.0	1603.0	1587.0	4879.0	1189.0	4896.0	4076.0	784.0	5593.0	7962.0	5209.0	3651.0	4195.0	280.0	504.0	322.0	2369.0	90617.9	1305197.0	1606098.295409
sub-0047	1261.0	642.0	2355.0	1688.0	588.0	3525.0	5350.0	3703.0	1060.0	5578.0	2731.0	2889.0	2548.0	3756.0	706.0	1655.0	1995.0	722.0	1835.0	1527.0	4556.0	1204.0	4555.0	4415.0	974.0	5852.0	8671.0	5862.0	4546.0	5148.0	296.0	482.0	573.0	2511.0	95756.3	1315037.0	1620396.617557
sub-0048	1099.0	540.0	2306.0	1511.0	458.0	2993.0	3972.0	2638.0	631.0	5188.0	2307.0	3242.0	1655.0	2805.0	647.0	1384.0	1836.0	702.0	1575.0	1368.0	3654.0	1124.0	4611.0	4176.0	615.0	5476.0	6336.0	6629.0	4257.0	3876.0	235.0	483.0	389.0	2347.0	83063.6	1136284.0	1301696.092796
sub-0049	977.0	531.0	2191.0	1569.0	441.0	3070.0	3863.0	3083.0	761.0	4629.0	2248.0	3001.0	1705.0	2453.0	595.0	1165.0	1357.0	584.0	1140.0	1524.0	3686.0	1059.0	4548.0	3732.0	516.0	4997.0	7009.0	5150.0	3678.0	3221.0	259.0	498.0	399.0	1883.0	77518.8	1070706.0	1184629.23971
sub-0050	1336.0	511.0	3542.0	2009.0	533.0	2984.0	4662.0	3715.0	990.0	4623.0	2777.0	2772.0	2139.0	4021.0	763.0	1560.0	1886.0	680.0	1329.0	1457.0	4560.0	1235.0	5637.0	4562.0	882.0	6243.0	9134.0	6645.0	4804.0	6187.0	289.0	480.0	526.0	2294.0	97750.5	1341559.0	1621316.504598
sub-0051	996.0	725.0	2504.0	1894.0	511.0	3667.0	5119.0	4190.0	999.0	6391.0	3147.0	3383.0	2189.0	3802.0	749.0	1366.0	1696.0	895.0	1551.0	1688.0	4427.0	1174.0	4983.0	4250.0	791.0	7000.0	8079.0	6910.0	4154.0	4725.0	294.0	505.0	556.0	2352.0	97635.2	1295666.0	1498996.190611
sub-0052	581.0	608.0	2539.0	1212.0	510.0	3500.0	4964.0	3969.0	1199.0	4783.0	2559.0	3472.0	1965.0	2646.0	784.0	1644.0	1560.0	653.0	1206.0	1259.0	4304.0	1486.0	5054.0	3375.0	830.0	6155.0	8560.0	5029.0	2868.0	4330.0	262.0	452.0	363.0	2304.0	86974.6	1168873.0	1372640.288417
sub-0053	817.0	651.0	2189.0	1452.0	483.0	2665.0	4722.0	2988.0	1041.0	5152.0	2863.0	2738.0	1862.0	3218.0	637.0	1288.0	1761.0	693.0	1421.0	1167.0	4584.0	1330.0	4321.0	3759.0	774.0	6031.0	7395.0	5062.0	3833.0	4305.0	279.0	517.0	401.0	2193.0	84594.0	1164251.0	1262352.865019
sub-0054	1204.0	635.0	2169.0	1631.0	492.0	3031.0	5525.0	3881.0	929.0	5318.0	2426.0	2729.0	2041.0	3653.0	642.0	1464.0	1453.0	815.0	1251.0	1291.0	4378.0	1141.0	4563.0	4006.0	936.0	6905.0	8208.0	6107.0	4634.0	5058.0	281.0	424.0	540.0	2152.0	91900.2	1220922.0	1354248.342829
sub-0055	1094.0	567.0	1953.0	1316.0	358.0	3025.0	4005.0	2719.0	962.0	4242.0	2432.0	2440.0	1642.0	2886.0	626.0	1798.0	1268.0	587.0	1104.0	1100.0	4724.0	1207.0	4573.0	3857.0	700.0	4602.0	6928.0	5487.0	3871.0	4836.0	239.0	495.0	419.0	2167.0	80224.8	1102577.0	1220870.241676
sub-0056	1206.0	565.0	2679.0	1447.0	377.0	2878.0	5509.0	3574.0	872.0	4782.0	2767.0	2788.0	2010.0	3748.0	534.0	1119.0	1875.0	627.0	1431.0	1251.0	4008.0	1095.0	4847.0	4320.0	926.0	5098.0	6894.0	5249.0	4190.0	4546.0	226.0	384.0	390.0	2107.0	86301.6	1152178.0	1323288.326223
sub-0057	845.0	394.0	2151.0	1226.0	424.0	3040.0	4552.0	2904.0	879.0	4767.0	2479.0	2535.0	1923.0	2941.0	562.0	1318.0	1404.0	689.0	1345.0	1235.0	3895.0	1080.0	4383.0	3611.0	744.0	5101.0	7133.0	5907.0	4113.0	4351.0	264.0	445.0	458.0	2098.0	81191.2	1065511.0	1471361.003633
sub-0058	1011.0	581.0	1878.0	1472.0	379.0	3277.0	4773.0	3463.0	1174.0	4941.0	2946.0	3260.0	1929.0	3492.0	656.0	1393.0	1454.0	861.0	1256.0	1600.0	4282.0	1062.0	4829.0	4183.0	734.0	5210.0	6870.0	5580.0	3838.0	4336.0	308.0	454.0	542.0	2264.0	86280.1	1146292.0	1272362.251359
sub-0059	965.0	425.0	2282.0	1762.0	522.0	3203.0	4709.0	2959.0	945.0	5789.0	2690.0	3128.0	2099.0	3394.0	790.0	1565.0	1650.0	760.0	1351.0	1449.0	4545.0	1363.0	4741.0	3842.0	574.0	5991.0	7685.0	5692.0	4191.0	4105.0	259.0	435.0	455.0	2584.0	88886.0	1207003.0	1637677.191224
sub-0060	938.0	481.0	2271.0	1811.0	559.0	2736.0	3681.0	2974.0	828.0	5118.0	2349.0	3308.0	1781.0	2707.0	670.0	1293.0	1587.0	665.0	1171.0	1770.0	3471.0	968.0	4846.0	3132.0	611.0	5625.0	7393.0	4948.0	3778.0	4609.0	305.0	422.0	461.0	1940.0	81197.7	1059213.0	1152295.99882
sub-0061	767.0	387.0	1967.0	1268.0	410.0	2714.0	3264.0	2841.0	811.0	3932.0	2294.0	2767.0	1552.0	2542.0	581.0	1183.0	1497.0	613.0	1161.0	1102.0	3570.0	950.0	4197.0	3130.0	716.0	4913.0	7085.0	5320.0	3430.0	4034.0	262.0	468.0	354.0	2056.0	74077.5	959967.0	1029870.371546
sub-0062	1123.0	595.0	2464.0	1801.0	552.0	3186.0	4614.0	3654.0	1112.0	5475.0	2808.0	3120.0	1783.0	3231.0	720.0	1270.0	1781.0	644.0	1536.0	1586.0	4380.0	1270.0	4928.0	3845.0	684.0	5547.0	7137.0	5472.0	3800.0	3271.0	243.0	455.0	521.0	2347.0	86951.9	1139987.0	1505539.037986
sub-0063	1163.0	564.0	2458.0	1580.0	568.0	3674.0	5338.0	3569.0	1028.0	6057.0	2740.0	3434.0	2329.0	3533.0	735.0	1632.0	1495.0	745.0	1285.0	1517.0	4578.0	1302.0	5451.0	4073.0	833.0	5548.0	7285.0	5518.0	4184.0	3995.0	238.0	528.0	492.0	2509.0	91970.0	1288682.0	1778611.402802
sub-0064	971.0	512.0	1966.0	1325.0	379.0	2699.0	4387.0	3202.0	882.0	4505.0	2500.0	2940.0	1914.0	2992.0	694.0	1258.0	1605.0	664.0	1232.0	1522.0	4590.0	983.0	5129.0	3628.0	742.0	4919.0	6954.0	5553.0	3940.0	3477.0	256.0	479.0	404.0	1983.0	81155.0	1130362.0	1288546.246772
sub-0065	888.0	423.0	2311.0	1394.0	367.0	3342.0	4801.0	3434.0	1216.0	5428.0	2319.0	2958.0	1858.0	3071.0	687.0	1425.0	1663.0	728.0	1423.0	1227.0	4225.0	1007.0	4823.0	4358.0	794.0	5491.0	7966.0	5210.0	3739.0	3815.0	270.0	443.0	446.0	2253.0	85791.5	1171889.0	1323655.107233
sub-0066	1102.0	1113.0	2908.0	1860.0	629.0	3456.0	5559.0	3134.0	1231.0	6786.0	2769.0	3221.0	2178.0	3132.0	753.0	1577.0	1986.0	731.0	1477.0	1519.0	4483.0	1732.0	5199.0	4568.0	1236.0	6980.0	9486.0	5822.0	4723.0	4869.0	264.0	482.0	562.0	2365.0	99878.3	1290488.0	1727795.132291
sub-0067	1081.0	585.0	2458.0	1498.0	501.0	3204.0	4595.0	3675.0	988.0	4981.0	2632.0	2959.0	2038.0	3461.0	599.0	1429.0	1256.0	779.0	1289.0	1327.0	3808.0	1184.0	4541.0	3692.0	1046.0	6587.0	7356.0	6258.0	3899.0	4649.0	245.0	500.0	354.0	2271.0	87721.0	1162188.0	1386454.233187
sub-0068	1072.0	467.0	2060.0	1574.0	314.0	3095.0	4578.0	3151.0	1015.0	5204.0	2715.0	2931.0	1893.0	3081.0	622.0	1488.0	1685.0	746.0	1253.0	1324.0	4445.0	1211.0	4459.0	3731.0	711.0	5164.0	7587.0	5236.0	3806.0	4317.0	244.0	419.0	412.0	2400.0	84393.4	1139525.0	1199092.022668
sub-0069	1205.0	711.0	2323.0	1353.0	554.0	3355.0	5065.0	3786.0	976.0	5027.0	2502.0	2401.0	1868.0	3626.0	647.0	1444.0	2151.0	675.0	1393.0	1113.0	4012.0	1347.0	4645.0	4553.0	1054.0	5973.0	8389.0	6364.0	4414.0	5172.0	238.0	541.0	478.0	2859.0	92210.9	1245457.0	1367929.754538
sub-0070	1172.0	633.0	2184.0	1501.0	644.0	3632.0	5537.0	4178.0	960.0	5856.0	2797.0	3365.0	1874.0	3639.0	726.0	1512.0	1690.0	796.0	1588.0	1552.0	4802.0	1286.0	4673.0	4189.0	886.0	6879.0	7316.0	6014.0	3816.0	4883.0	285.0	478.0	381.0	2353.0	94076.5	1254884.0	1515870.740779
sub-0071	1068.0	557.0	1831.0	1311.0	387.0	2809.0	4382.0	3094.0	949.0	4466.0	2172.0	2668.0	1636.0	3058.0	594.0	1328.0	1493.0	619.0	1075.0	1297.0	4080.0	977.0	4289.0	4009.0	621.0	4186.0	5881.0	4949.0	3523.0	3948.0	223.0	436.0	389.0	1808.0	76100.1	995751.0	996939.894887
sub-0072	961.0	496.0	2305.0	1495.0	362.0	2610.0	4295.0	3294.0	1013.0	5113.0	2642.0	2970.0	1836.0	3188.0	558.0	1232.0	1280.0	718.0	1265.0	1235.0	4057.0	1094.0	4451.0	3254.0	712.0	4651.0	6864.0	4852.0	3571.0	3337.0	235.0	446.0	354.0	2105.0	78842.2	1064176.0	1209159.270659
sub-0073	969.0	619.0	1975.0	1214.0	316.0	3107.0	4676.0	3410.0	821.0	4452.0	2594.0	2337.0	1647.0	2842.0	653.0	1365.0	1420.0	629.0	1067.0	1210.0	4156.0	1060.0	4288.0	3473.0	820.0	4885.0	6965.0	5726.0	3973.0	3506.0	238.0	407.0	452.0	2329.0	79588.6	1066774.0	1181125.577119
sub-0074	1074.0	842.0	3107.0	1930.0	600.0	3715.0	5573.0	3813.0	1320.0	7003.0	3167.0	3840.0	2699.0	3882.0	577.0	1663.0	2162.0	854.0	1642.0	1878.0	4866.0	1250.0	5703.0	5251.0	1017.0	6804.0	8367.0	6331.0	5104.0	5272.0	275.0	492.0	604.0	2589.0	105261.0	1419259.0	1927938.576503
sub-0075	932.0	721.0	2238.0	1510.0	429.0	2686.0	5167.0	3137.0	971.0	4841.0	2344.0	2381.0	1615.0	2965.0	567.0	1479.0	1520.0	706.0	1393.0	1173.0	4241.0	1100.0	5006.0	3585.0	719.0	5417.0	6786.0	5659.0	3317.0	3586.0	244.0	477.0	370.0	2550.0	81824.6	1114210.0	1218916.034824
sub-0076	973.0	469.0	2012.0	1241.0	470.0	2897.0	4506.0	3117.0	849.0	4626.0	2281.0	2263.0	1646.0	2840.0	541.0	1193.0	1647.0	602.0	1246.0	987.0	3685.0	1031.0	4171.0	3514.0	511.0	4648.0	6467.0	5094.0	3352.0	3760.0	281.0	415.0	403.0	2167.0	75517.8	1002432.0	1163608.460349
sub-0077	842.0	491.0	1741.0	1361.0	361.0	2277.0	3488.0	2169.0	932.0	3853.0	2036.0	2592.0	1450.0	2219.0	639.0	1244.0	1429.0	569.0	1073.0	1238.0	3786.0	1074.0	4238.0	2824.0	526.0	4090.0	6297.0	4068.0	3455.0	3482.0	221.0	368.0	455.0	2001.0	68878.9	936290.0	1043849.929213
sub-0078	1101.0	853.0	2240.0	1534.0	416.0	3531.0	4743.0	3924.0	1220.0	5753.0	2813.0	3001.0	1812.0	3937.0	698.0	1328.0	1858.0	807.0	1838.0	1236.0	4767.0	1513.0	4509.0	4679.0	1043.0	7018.0	7753.0	5928.0	4628.0	5008.0	294.0	500.0	424.0	3144.0	95850.4	1280371.0	1371254.112672
sub-0079	1009.0	630.0	2320.0	1309.0	520.0	3367.0	4802.0	3544.0	696.0	5391.0	2891.0	2996.0	1903.0	3313.0	784.0	1612.0	1541.0	720.0	1376.0	1220.0	3934.0	1365.0	5274.0	3593.0	895.0	7229.0	8324.0	5548.0	4510.0	4118.0	293.0	489.0	502.0	2563.0	90577.3	1172908.0	1637643.055556
sub-0080	542.0	491.0	1748.0	1582.0	515.0	2912.0	3794.0	3276.0	1082.0	5274.0	2443.0	3317.0	1536.0	2745.0	675.0	1342.0	1666.0	669.0	1615.0	1565.0	3280.0	1044.0	4097.0	3985.0	681.0	4365.0	6602.0	5039.0	3642.0	3578.0	270.0	480.0	453.0	2042.0	78346.8	1069233.0	1021638.247173
sub-0081	1187.0	937.0	2959.0	1551.0	397.0	3325.0	6000.0	3935.0	1177.0	5717.0	3001.0	3016.0	2434.0	3414.0	632.0	1558.0	1816.0	819.0	1365.0	1185.0	4658.0	1472.0	5562.0	4382.0	1079.0	7499.0	8806.0	6729.0	4272.0	4721.0	286.0	497.0	553.0	2203.0	98875.6	1291807.0	1710182.396507
sub-0082	1143.0	567.0	2178.0	1400.0	426.0	2845.0	3969.0	3113.0	856.0	4867.0	2496.0	2663.0	1879.0	2995.0	580.0	1511.0	1763.0	733.0	1390.0	1101.0	3770.0	1201.0	4774.0	3821.0	648.0	5708.0	7734.0	5431.0	3763.0	3782.0	300.0	450.0	440.0	2059.0	82354.4	1106903.0	1148265.338819
sub-0083	931.0	526.0	2189.0	1441.0	561.0	3219.0	4470.0	2997.0	1173.0	4748.0	2943.0	3316.0	2197.0	2868.0	711.0	1454.0	1676.0	693.0	1185.0	1422.0	4325.0	1003.0	4512.0	4623.0	911.0	6579.0	7544.0	6671.0	3697.0	4353.0	270.0	523.0	424.0	2365.0	88504.9	1140331.0	1661525.000806
sub-0084	979.0	462.0	2648.0	1462.0	478.0	3067.0	3783.0	3259.0	977.0	4366.0	2638.0	3051.0	1811.0	3200.0	660.0	1404.0	1793.0	721.0	1361.0	1454.0	3718.0	1004.0	4859.0	3767.0	615.0	6600.0	7342.0	5639.0	3884.0	4141.0	244.0	461.0	485.0	2119.0	84450.3	1093990.0	1164053.056737
sub-0085	791.0	466.0	1845.0	1546.0	320.0	2607.0	4052.0	2702.0	785.0	5734.0	2019.0	2965.0	1420.0	2514.0	583.0	1179.0	1410.0	627.0	1196.0	1199.0	3615.0	859.0	4880.0	3516.0	655.0	4551.0	6282.0	5740.0	3466.0	3267.0	234.0	440.0	462.0	2232.0	76153.0	985381.0	1083882.108839
sub-0086	852.0	865.0	2884.0	1857.0	384.0	3681.0	5286.0	4559.0	1141.0	6663.0	3362.0	3397.0	2267.0	4206.0	705.0	1492.0	1722.0	906.0	1505.0	1446.0	4824.0	1409.0	5956.0	4680.0	1158.0	7288.0	9022.0	6982.0	5277.0	6259.0	301.0	493.0	561.0	2856.0	106121.0	1427692.0	1704665.753909
sub-0087	1061.0	789.0	1592.0	1394.0	420.0	2650.0	4671.0	2958.0	953.0	4558.0	2649.0	2605.0	1949.0	3073.0	730.0	1327.0	1402.0	915.0	1587.0	1195.0	3416.0	1341.0	4066.0	3474.0	940.0	5451.0	7314.0	5097.0	3964.0	3766.0	298.0	497.0	462.0	2570.0	81130.0	1138450.0	1481056.243554
sub-0088	865.0	451.0	2163.0	1761.0	469.0	3460.0	4318.0	3570.0	1482.0	5581.0	2539.0	2902.0	1844.0	3264.0	647.0	1260.0	1796.0	764.0	1450.0	1370.0	3900.0	1265.0	4349.0	4078.0	829.0	6470.0	7162.0	5891.0	3946.0	5037.0	299.0	498.0	361.0	2359.0	88243.0	1127888.0	1625399.111629
sub-0089	984.0	446.0	2288.0	1658.0	381.0	3290.0	4541.0	2852.0	842.0	5815.0	2469.0	3495.0	1954.0	3023.0	680.0	1371.0	1555.0	703.0	1343.0	1386.0	3910.0	958.0	4479.0	3527.0	689.0	5929.0	7398.0	5300.0	3874.0	4052.0	265.0	459.0	416.0	2151.0	84373.5	1117611.0	1172460.842737
sub-0090	1073.0	468.0	2129.0	1481.0	353.0	3070.0	4063.0	2980.0	1014.0	4948.0	2600.0	2662.0	1981.0	3044.0	606.0	1182.0	1601.0	780.0	1392.0	1378.0	4191.0	1053.0	4597.0	3865.0	623.0	6005.0	6938.0	5982.0	4043.0	4872.0	295.0	430.0	546.0	2116.0	84101.1	1069848.0	1417359.174652
sub-0091	1023.0	491.0	1742.0	1520.0	436.0	2748.0	4558.0	3715.0	898.0	5651.0	2303.0	2513.0	1782.0	3002.0	538.0	1287.0	1496.0	663.0	1115.0	1436.0	3320.0	1169.0	4072.0	3517.0	560.0	4836.0	6520.0	4918.0	3245.0	2699.0	268.0	507.0	436.0	1984.0	76887.7	1023227.0	1187784.738248
sub-0092	856.0	525.0	2220.0	1198.0	421.0	3071.0	4473.0	2809.0	1158.0	4861.0	2340.0	2688.0	1536.0	2856.0	620.0	1182.0	1549.0	613.0	1264.0	1381.0	3704.0	1176.0	4497.0	3576.0	793.0	5638.0	7459.0	5056.0	3678.0	3660.0	226.0	452.0	419.0	2135.0	80081.2	1049850.0	1067975.377756
sub-0093	979.0	648.0	2682.0	1308.0	625.0	3934.0	5556.0	3811.0	1323.0	6082.0	2901.0	2960.0	1960.0	3345.0	850.0	1403.0	1795.0	801.0	1705.0	1156.0	4603.0	1286.0	4914.0	3949.0	776.0	6114.0	8579.0	5589.0	4337.0	4360.0	286.0	517.0	589.0	2512.0	94227.2	1289088.0	1474786.699803
sub-0094	753.0	441.0	2061.0	1176.0	296.0	2093.0	4067.0	2059.0	808.0	3803.0	2341.0	2606.0	1514.0	2333.0	628.0	1152.0	1377.0	553.0	1053.0	1127.0	3482.0	967.0	3874.0	3062.0	578.0	4329.0	5569.0	4635.0	2973.0	3174.0	236.0	339.0	394.0	1979.0	67833.1	907740.0	936210.537003
sub-0095	935.0	503.0	2489.0	1372.0	375.0	3083.0	4319.0	3569.0	900.0	5108.0	2564.0	3275.0	1939.0	3039.0	569.0	1329.0	1854.0	696.0	1140.0	1324.0	4029.0	949.0	5094.0	3195.0	787.0	5769.0	7716.0	6040.0	3324.0	4464.0	275.0	553.0	426.0	2076.0	85071.0	1124391.0	1346371.926449
sub-0096	1135.0	673.0	2035.0	1472.0	481.0	3190.0	4571.0	3389.0	1007.0	5078.0	2663.0	2399.0	1815.0	3452.0	667.0	1497.0	1623.0	703.0	1421.0	1089.0	4045.0	1316.0	4634.0	3794.0	826.0	5796.0	7021.0	5766.0	4135.0	4242.0	262.0	462.0	428.0	2139.0	85222.5	1222803.0	1317955.655575
sub-0097	775.0	425.0	1847.0	1235.0	418.0	2771.0	3812.0	2590.0	893.0	4572.0	2049.0	2742.0	1298.0	2714.0	523.0	1107.0	1320.0	638.0	1453.0	1121.0	3334.0	892.0	4178.0	3138.0	458.0	4029.0	6354.0	4814.0	3607.0	3608.0	209.0	432.0	423.0	2068.0	71840.4	1005045.0	1006585.32031
sub-0098	1196.0	472.0	2335.0	1610.0	621.0	3305.0	5232.0	3306.0	923.0	4970.0	2308.0	2946.0	1833.0	3080.0	597.0	1437.0	1491.0	675.0	1212.0	1245.0	4571.0	1023.0	4524.0	3957.0	636.0	5390.0	6985.0	5902.0	3632.0	4336.0	277.0	459.0	369.0	1972.0	84825.8	1107007.0	1176840.903136
sub-0099	1054.0	737.0	2893.0	1525.0	389.0	3074.0	5070.0	3247.0	1200.0	5258.0	2970.0	3522.0	1861.0	3480.0	799.0	1434.0	2043.0	616.0	1285.0	1378.0	3960.0	1109.0	4669.0	3935.0	889.0	5996.0	8539.0	6075.0	3786.0	4216.0	309.0	504.0	484.0	2304.0	90600.5	1203087.0	1242379.625489
sub-0100	1158.0	512.0	2141.0	1247.0	480.0	3045.0	4242.0	3421.0	958.0	5100.0	2413.0	3077.0	1805.0	3367.0	643.0	1388.0	1771.0	664.0	946.0	1075.0	4387.0	1316.0	5024.0	3308.0	700.0	5618.0	6441.0	5113.0	3926.0	4517.0	275.0	493.0	401.0	2223.0	83160.9	1045851.0	1216651.688087
sub-0101	974.0	624.0	2142.0	1317.0	453.0	3307.0	4433.0	2876.0	726.0	4894.0	2167.0	2493.0	1770.0	2544.0	678.0	1353.0	1204.0	581.0	1087.0	1077.0	3693.0	893.0	4356.0	3496.0	906.0	4945.0	7388.0	5675.0	3369.0	3467.0	254.0	417.0	408.0	1818.0	77788.0	1058038.0	1196463.47549
sub-0102	997.0	424.0	1928.0	1187.0	408.0	2613.0	3794.0	2953.0	771.0	4247.0	2319.0	2592.0	1681.0	3123.0	643.0	1233.0	1282.0	654.0	1085.0	1040.0	3734.0	972.0	4118.0	3178.0	567.0	5389.0	7050.0	4783.0	3364.0	3352.0	259.0	392.0	352.0	1986.0	74460.7	1009785.0	1113051.711489
sub-0103	1299.0	552.0	2337.0	1603.0	450.0	2789.0	4969.0	3295.0	907.0	4907.0	2439.0	2601.0	1722.0	3085.0	538.0	1547.0	1558.0	736.0	1152.0	1397.0	4609.0	975.0	5094.0	4381.0	880.0	5660.0	7512.0	6309.0	4734.0	5343.0	280.0	493.0	600.0	2564.0	89314.8	1189710.0	1457519.582271
sub-0104	834.0	565.0	1918.0	1345.0	321.0	2671.0	3378.0	2657.0	780.0	3818.0	2254.0	2155.0	1549.0	2583.0	595.0	1128.0	1397.0	653.0	986.0	1253.0	3182.0	911.0	3876.0	2855.0	473.0	4000.0	6212.0	4609.0	3457.0	3634.0	201.0	438.0	403.0	2028.0	69066.8	939506.0	1032806.41315
sub-0105	821.0	492.0	1740.0	1343.0	674.0	3120.0	3616.0	3299.0	816.0	4673.0	2439.0	2694.0	1884.0	3200.0	766.0	1191.0	1219.0	757.0	1416.0	1178.0	4228.0	1005.0	5050.0	2685.0	651.0	5805.0	7713.0	4721.0	4248.0	4408.0	262.0	496.0	386.0	2257.0	81248.3	1156230.0	1368828.637901
sub-0106	940.0	477.0	2403.0	1404.0	387.0	2934.0	4631.0	3440.0	1132.0	4747.0	2753.0	2532.0	1905.0	3188.0	548.0	1366.0	1746.0	681.0	1371.0	1141.0	3684.0	1236.0	4464.0	4340.0	501.0	5562.0	7224.0	6016.0	4018.0	4252.0	259.0	476.0	444.0	2338.0	84392.1	1137287.0	1260985.860422
sub-0107	1053.0	681.0	1643.0	1387.0	407.0	2676.0	4561.0	3350.0	822.0	5147.0	2313.0	2647.0	1686.0	3071.0	508.0	1021.0	1914.0	635.0	1518.0	1255.0	3716.0	1014.0	4086.0	3500.0	841.0	5373.0	5724.0	4787.0	3243.0	3479.0	278.0	437.0	322.0	2229.0	77235.4	1056153.0	1228666.712062
sub-0108	1085.0	746.0	1958.0	1589.0	386.0	3051.0	4949.0	4003.0	970.0	5587.0	2831.0	2436.0	1748.0	4023.0	631.0	1305.0	1654.0	768.0	1369.0	1156.0	3759.0	1135.0	4348.0	3616.0	812.0	5600.0	7477.0	4897.0	4389.0	3629.0	297.0	501.0	408.0	2116.0	85220.9	1160164.0	1350177.045694
sub-0109	936.0	633.0	3097.0	1280.0	432.0	3451.0	5167.0	3892.0	1033.0	5064.0	3472.0	2597.0	2008.0	3258.0	639.0	1348.0	2203.0	966.0	1736.0	1012.0	4256.0	1521.0	5324.0	4443.0	997.0	6769.0	9340.0	6479.0	4464.0	4788.0	253.0	513.0	513.0	2976.0	96858.6	1296342.0	1354077.331744
sub-0110	851.0	541.0	1674.0	1380.0	457.0	2808.0	4179.0	3385.0	889.0	5097.0	2680.0	2887.0	1685.0	3099.0	671.0	1296.0	1502.0	705.0	1811.0	1021.0	3665.0	1251.0	4288.0	3356.0	733.0	5324.0	7243.0	4863.0	3546.0	3686.0	264.0	480.0	440.0	2492.0	80241.3	1108490.0	1493648.760968
sub-0111	1315.0	647.0	2248.0	1453.0	482.0	3685.0	5517.0	4110.0	1224.0	6020.0	2859.0	3224.0	2009.0	4278.0	693.0	1382.0	1781.0	750.0	1605.0	1483.0	4039.0	947.0	5483.0	4361.0	910.0	6195.0	8534.0	4834.0	3945.0	4149.0	315.0	524.0	362.0	2586.0	93948.6	1300482.0	1746985.631958
sub-0112	1068.0	540.0	2174.0	1272.0	431.0	2538.0	4177.0	2574.0	1023.0	4034.0	2709.0	2558.0	1815.0	3000.0	583.0	1158.0	1415.0	667.0	1250.0	1359.0	3941.0	1050.0	4716.0	3305.0	683.0	5322.0	7032.0	4655.0	4085.0	4178.0	264.0	450.0	529.0	2276.0	78826.2	1085005.0	1342310.952564
sub-0113	771.0	561.0	2134.0	1502.0	370.0	3299.0	5289.0	3911.0	899.0	5319.0	2501.0	2402.0	1705.0	3876.0	718.0	1462.0	1813.0	784.0	1541.0	1129.0	3960.0	1324.0	5249.0	3836.0	753.0	5553.0	8545.0	4889.0	3723.0	3340.0	297.0	607.0	396.0	2443.0	86889.4	1208236.0	1399792.77733
sub-0114	1217.0	885.0	2365.0	1957.0	343.0	2962.0	5847.0	3557.0	1233.0	6258.0	2978.0	3833.0	2198.0	3789.0	708.0	1373.0	1641.0	766.0	1389.0	1941.0	4316.0	1442.0	5243.0	4239.0	1037.0	5899.0	7034.0	5547.0	4268.0	4420.0	251.0	443.0	485.0	2386.0	94170.6	1240480.0	1533023.828853
sub-0115	1218.0	622.0	2619.0	1424.0	585.0	3041.0	4515.0	3265.0	1005.0	5270.0	2624.0	2765.0	2097.0	3128.0	713.0	1434.0	1756.0	814.0	1281.0	1209.0	4044.0	1241.0	5104.0	4108.0	782.0	5828.0	7774.0	6005.0	4244.0	5017.0	243.0	558.0	526.0	2329.0	89185.6	1205597.0	1433892.850141
sub-0116	951.0	474.0	2314.0	1555.0	403.0	2514.0	3800.0	2755.0	768.0	4163.0	2264.0	3226.0	1936.0	3021.0	543.0	1205.0	1275.0	593.0	930.0	1645.0	3572.0	991.0	4237.0	3490.0	633.0	5069.0	6873.0	3980.0	3518.0	3428.0	256.0	421.0	365.0	1994.0	75154.5	1003763.0	1169503.2948
sub-0117	1214.0	774.0	2083.0	1557.0	449.0	3202.0	4545.0	3251.0	1010.0	5338.0	2667.0	2694.0	1827.0	3174.0	690.0	1514.0	1493.0	714.0	1491.0	1403.0	4078.0	1287.0	4441.0	4060.0	807.0	5411.0	8079.0	5692.0	3961.0	3598.0	273.0	396.0	354.0	2519.0	86039.1	1122850.0	1258326.402802
sub-0118	971.0	659.0	2831.0	1473.0	442.0	3447.0	5045.0	3521.0	907.0	5749.0	2813.0	2893.0	1996.0	3577.0	641.0	1345.0	1507.0	822.0	1215.0	1327.0	3841.0	1281.0	5112.0	4080.0	966.0	5422.0	7047.0	5892.0	4570.0	4506.0	235.0	514.0	428.0	2165.0	89085.6	1136134.0	1517204.068982
sub-0119	895.0	496.0	1968.0	1293.0	383.0	2768.0	4286.0	3275.0	822.0	4389.0	2061.0	2426.0	1556.0	2843.0	526.0	1232.0	1520.0	588.0	1261.0	1051.0	3454.0	1131.0	4369.0	3235.0	514.0	4569.0	6206.0	5256.0	3542.0	3830.0	240.0	467.0	400.0	1948.0	74794.4	973854.0	1142524.063905
sub-0120	1016.0	600.0	2967.0	1758.0	786.0	3749.0	5818.0	5068.0	1099.0	6299.0	3393.0	3298.0	2308.0	4050.0	785.0	1423.0	2105.0	883.0	1657.0	1445.0	5213.0	1674.0	5999.0	4867.0	1190.0	7140.0	9889.0	7850.0	4279.0	4531.0	264.0	564.0	579.0	2699.0	107220.0	1479125.0	2021513.328619
sub-0121	1106.0	707.0	1773.0	1660.0	412.0	3018.0	5606.0	3510.0	976.0	5098.0	2323.0	3025.0	1913.0	3470.0	588.0	1266.0	1380.0	641.0	1166.0	1376.0	3724.0	938.0	4339.0	3807.0	842.0	4919.0	6290.0	5583.0	3792.0	3580.0	242.0	437.0	368.0	2228.0	82094.2	1163472.0	1291139.433065
sub-0122	1147.0	664.0	2705.0	1745.0	441.0	3681.0	5056.0	4386.0	1650.0	5854.0	3135.0	3430.0	2220.0	4002.0	723.0	1283.0	1828.0	909.0	1660.0	1475.0	5002.0	1297.0	5428.0	5131.0	923.0	8147.0	8972.0	7762.0	4701.0	5873.0	301.0	532.0	657.0	2738.0	105451.0	1422809.0	1828096.093044
sub-0123	984.0	650.0	2354.0	1412.0	433.0	2991.0	4102.0	2941.0	947.0	5534.0	2299.0	3212.0	1591.0	3233.0	600.0	1175.0	1330.0	673.0	1059.0	1399.0	3733.0	925.0	4565.0	3333.0	900.0	5761.0	6677.0	4448.0	3525.0	2901.0	230.0	457.0	404.0	2105.0	78757.8	1056703.0	1202245.538042
sub-0124	1174.0	724.0	2501.0	1413.0	475.0	3892.0	5309.0	3575.0	885.0	5477.0	2950.0	2396.0	1815.0	3510.0	756.0	1620.0	1656.0	689.0	1195.0	1313.0	4776.0	1116.0	5359.0	3567.0	956.0	7770.0	7447.0	5239.0	4221.0	4605.0	295.0	535.0	498.0	2795.0	92497.5	1299341.0	1345933.806232
sub-0125	1217.0	721.0	2440.0	1648.0	570.0	3510.0	4695.0	3569.0	1098.0	4840.0	3199.0	2823.0	2030.0	3525.0	689.0	1514.0	1598.0	725.0	1330.0	1257.0	4168.0	1254.0	4784.0	4084.0	963.0	6419.0	8091.0	5690.0	4108.0	3918.0	268.0	595.0	399.0	2208.0	89948.3	1159048.0	1224828.909355
sub-0126	913.0	449.0	1935.0	1780.0	404.0	2820.0	4532.0	3597.0	975.0	5907.0	2370.0	2606.0	1864.0	3539.0	583.0	1235.0	1708.0	671.0	1450.0	1475.0	3398.0	1113.0	4010.0	3740.0	912.0	5139.0	7193.0	5398.0	3538.0	3682.0	303.0	418.0	404.0	2308.0	82359.4	1126415.0	1323515.101947
sub-0127	757.0	477.0	1865.0	1178.0	312.0	2587.0	3526.0	3388.0	945.0	4937.0	2214.0	2799.0	1582.0	2767.0	519.0	1201.0	1366.0	631.0	1364.0	1381.0	3239.0	1031.0	4693.0	2946.0	602.0	4861.0	7294.0	4556.0	3041.0	3541.0	248.0	398.0	319.0	1894.0	74460.2	1000164.0	991839.91259
sub-0128	1044.0	743.0	2324.0	1486.0	522.0	2757.0	4299.0	3045.0	876.0	5118.0	2608.0	2543.0	1831.0	3051.0	606.0	1255.0	1384.0	659.0	1183.0	1119.0	3585.0	1137.0	4570.0	2936.0	1057.0	5603.0	7054.0	4494.0	3896.0	3921.0	248.0	445.0	462.0	2270.0	80120.1	1053916.0	1228805.663373
sub-0129	1287.0	539.0	2173.0	1313.0	489.0	3472.0	5169.0	3454.0	954.0	4956.0	2933.0	2944.0	2093.0	3371.0	799.0	1405.0	1537.0	806.0	1431.0	1149.0	4189.0	1037.0	4814.0	3927.0	1136.0	5594.0	8025.0	5501.0	4388.0	4501.0	291.0	459.0	473.0	2357.0	88966.1	1210188.0	1294279.684841
sub-0130	777.0	496.0	2104.0	1305.0	370.0	2776.0	3778.0	2990.0	756.0	4467.0	2559.0	2902.0	1795.0	2791.0	620.0	1447.0	1298.0	619.0	1070.0	971.0	4183.0	969.0	4582.0	3542.0	769.0	4519.0	6575.0	5201.0	3400.0	3350.0	224.0	410.0	351.0	1996.0	75948.5	995249.0	1140354.943908
sub-0131	941.0	669.0	2277.0	1419.0	516.0	3059.0	4095.0	3680.0	960.0	5597.0	2831.0	3370.0	1967.0	3386.0	676.0	1648.0	1541.0	767.0	1500.0	1550.0	4546.0	1227.0	5453.0	4042.0	947.0	6042.0	8563.0	5226.0	4970.0	4324.0	277.0	563.0	498.0	2418.0	91543.8	1261640.0	1549175.205159
sub-0132	865.0	520.0	2250.0	1126.0	481.0	2776.0	4943.0	3410.0	790.0	4477.0	2392.0	2552.0	1461.0	2988.0	772.0	1294.0	1672.0	595.0	1173.0	916.0	3725.0	946.0	4334.0	4032.0	666.0	5350.0	6806.0	6631.0	2961.0	2992.0	229.0	436.0	321.0	1748.0	78626.5	999574.0	1050497.245751
sub-0133	981.0	644.0	2441.0	1517.0	482.0	3657.0	5203.0	4554.0	1024.0	6196.0	2758.0	2839.0	1874.0	3755.0	618.0	1353.0	1812.0	872.0	1295.0	1229.0	4336.0	1042.0	5068.0	4051.0	943.0	5826.0	7983.0	5381.0	4065.0	4257.0	277.0	547.0	405.0	2148.0	91307.2	1155186.0	1386889.12052
sub-0134	1014.0	621.0	1849.0	1510.0	515.0	2844.0	3584.0	3043.0	964.0	4514.0	2777.0	3073.0	1812.0	3054.0	746.0	1377.0	1402.0	676.0	1154.0	1576.0	3507.0	1045.0	4415.0	4414.0	946.0	4877.0	6737.0	4936.0	3850.0	3666.0	267.0	475.0	436.0	2180.0	79827.7	1114821.0	1128558.055114
sub-0135	1188.0	561.0	2148.0	1348.0	487.0	3423.0	5482.0	3622.0	1161.0	4967.0	2622.0	2746.0	1778.0	3549.0	684.0	1339.0	1472.0	693.0	1673.0	951.0	4574.0	1382.0	4834.0	3499.0	930.0	6385.0	7879.0	4652.0	3881.0	4160.0	245.0	583.0	370.0	2420.0	87666.5	1173922.0	1560089.559788
sub-0136	976.0	617.0	2106.0	1511.0	511.0	2894.0	4440.0	3538.0	1087.0	4586.0	2529.0	2982.0	1611.0	3461.0	617.0	1183.0	1503.0	752.0	1432.0	1362.0	4340.0	1179.0	4727.0	3554.0	807.0	5592.0	7562.0	4917.0	4010.0	3518.0	202.0	406.0	485.0	2124.0	83112.9	1150253.0	1416240.167867
sub-0137	1181.0	672.0	2301.0	1440.0	337.0	2835.0	4563.0	3032.0	1081.0	4634.0	2532.0	3025.0	1830.0	3417.0	656.0	1449.0	1635.0	775.0	1330.0	1458.0	3841.0	1081.0	4762.0	3615.0	913.0	5791.0	7429.0	4941.0	3936.0	4048.0	275.0	492.0	426.0	2439.0	83807.8	1157269.0	1311678.877331
sub-0138	917.0	654.0	2442.0	1413.0	420.0	3385.0	4365.0	2968.0	918.0	4594.0	2772.0	2880.0	1806.0	3018.0	595.0	1420.0	1771.0	680.0	1399.0	1356.0	3670.0	1170.0	4070.0	3851.0	712.0	5883.0	7240.0	6147.0	4329.0	4009.0	334.0	397.0	452.0	2393.0	84424.6	1113304.0	1262080.962009
sub-0139	958.0	528.0	2102.0	1457.0	441.0	3014.0	4605.0	2985.0	887.0	5091.0	2512.0	2923.0	1613.0	3064.0	612.0	1147.0	1819.0	645.0	1225.0	1501.0	3976.0	982.0	5035.0	3505.0	650.0	4915.0	6181.0	5059.0	3452.0	3262.0	264.0	437.0	382.0	2027.0	79255.3	1034354.0	1196970.534904
sub-0140	1126.0	689.0	2648.0	1309.0	352.0	3002.0	4857.0	3416.0	1070.0	4709.0	2600.0	2695.0	1792.0	3247.0	744.0	1350.0	1244.0	656.0	1080.0	1039.0	4325.0	1144.0	4983.0	3930.0	949.0	5770.0	7118.0	5930.0	4467.0	5451.0	260.0	421.0	424.0	2190.0	86971.7	1153558.0	1380956.920453
sub-0141	1003.0	591.0	2669.0	1401.0	416.0	3267.0	4266.0	3346.0	1061.0	5190.0	2540.0	2743.0	1733.0	3282.0	896.0	1432.0	1817.0	723.0	1519.0	969.0	4571.0	1257.0	4707.0	4324.0	860.0	6880.0	7881.0	6838.0	4075.0	5331.0	336.0	446.0	446.0	2312.0	91126.4	1169125.0	1500243.929005
sub-0142	1074.0	630.0	2586.0	1327.0	441.0	3218.0	4989.0	3370.0	998.0	5119.0	2624.0	3117.0	1844.0	3332.0	641.0	1455.0	2049.0	644.0	1509.0	1188.0	4335.0	1151.0	4775.0	4136.0	897.0	5590.0	7942.0	6025.0	3933.0	4135.0	248.0	451.0	525.0	2220.0	88516.7	1155332.0	1172995.662964
sub-0143	897.0	592.0	2084.0	1533.0	507.0	3110.0	4419.0	4027.0	880.0	4739.0	2574.0	3048.0	1702.0	3420.0	656.0	1341.0	1669.0	607.0	1409.0	1256.0	4155.0	1088.0	4513.0	3900.0	805.0	5363.0	6752.0	5741.0	3881.0	3618.0	266.0	530.0	532.0	2278.0	83871.8	1099919.0	1400353.421911
sub-0144	1173.0	639.0	2233.0	1734.0	560.0	3453.0	5024.0	4222.0	1054.0	5391.0	2587.0	2641.0	2113.0	3609.0	675.0	1480.0	1719.0	831.0	1527.0	1334.0	4817.0	1487.0	5028.0	4206.0	921.0	6845.0	8770.0	5747.0	4013.0	4848.0	278.0	557.0	404.0	2700.0	94617.9	1226259.0	1681085.659417
sub-0145	932.0	502.0	2513.0	1400.0	452.0	2765.0	4553.0	3815.0	922.0	4837.0	2488.0	3271.0	1599.0	3190.0	594.0	1230.0	1325.0	677.0	1143.0	1403.0	4173.0	999.0	4557.0	3600.0	659.0	5337.0	6544.0	5346.0	3726.0	3144.0	291.0	519.0	413.0	2095.0	80970.2	1071579.0	1299827.985789
sub-0146	799.0	388.0	1852.0	1701.0	325.0	2766.0	3998.0	3150.0	906.0	5097.0	2496.0	2967.0	1482.0	3128.0	602.0	1255.0	1353.0	688.0	1202.0	1637.0	3494.0	917.0	4094.0	3501.0	461.0	5813.0	6196.0	4914.0	3783.0	3983.0	261.0	351.0	456.0	2064.0	78065.1	1058927.0	1294601.842197
sub-0147	1114.0	761.0	2400.0	1431.0	569.0	2929.0	5355.0	3377.0	997.0	4666.0	2725.0	2424.0	2033.0	3502.0	583.0	1526.0	1364.0	727.0	1314.0	1171.0	4082.0	1288.0	4860.0	4216.0	800.0	5248.0	6978.0	5622.0	3699.0	4420.0	303.0	453.0	461.0	2567.0	85873.2	1136736.0	1241067.766693
sub-0148	768.0	525.0	2021.0	1191.0	368.0	2827.0	3938.0	2766.0	935.0	4889.0	2374.0	2651.0	1684.0	2908.0	629.0	1148.0	1382.0	657.0	1173.0	1193.0	3608.0	1258.0	5097.0	3525.0	830.0	4981.0	6111.0	5177.0	3542.0	4318.0	233.0	406.0	452.0	2148.0	77710.6	1099889.0	1371161.493702
sub-0149	917.0	529.0	2089.0	1673.0	422.0	3197.0	4159.0	3079.0	884.0	5195.0	2376.0	2911.0	1829.0	2868.0	636.0	1351.0	1487.0	769.0	1349.0	1281.0	4035.0	1050.0	4400.0	3716.0	835.0	5516.0	7526.0	5445.0	3441.0	3693.0	268.0	470.0	414.0	2118.0	81917.0	1083413.0	1075534.959018
sub-0150	813.0	467.0	1872.0	1412.0	373.0	3089.0	4188.0	2702.0	808.0	4950.0	1991.0	2619.0	1408.0	2602.0	612.0	1219.0	1134.0	549.0	1045.0	1138.0	3596.0	875.0	3994.0	3286.0	619.0	4658.0	6390.0	5184.0	3273.0	3172.0	196.0	463.0	321.0	1886.0	72898.8	979744.0	1171160.88029
sub-0151	1077.0	574.0	2147.0	1451.0	332.0	3397.0	4805.0	3348.0	855.0	5160.0	2599.0	2764.0	1915.0	3298.0	648.0	1568.0	1509.0	701.0	1348.0	1306.0	3560.0	1243.0	4670.0	3612.0	806.0	5126.0	6713.0	5077.0	4039.0	3731.0	254.0	481.0	442.0	2208.0	82758.0	1097082.0	1509962.151515
sub-0152	746.0	475.0	1970.0	1359.0	415.0	2535.0	3546.0	3170.0	817.0	4415.0	1953.0	2909.0	1559.0	2967.0	659.0	1157.0	1270.0	556.0	1079.0	1235.0	3528.0	1056.0	4123.0	3743.0	706.0	4828.0	5845.0	5178.0	3074.0	2620.0	216.0	477.0	345.0	1941.0	72466.0	963268.0	999643.89995
sub-0153	1000.0	623.0	2437.0	1384.0	473.0	2918.0	4799.0	3388.0	1070.0	4951.0	2438.0	2611.0	1930.0	3096.0	737.0	1388.0	1292.0	725.0	1288.0	1365.0	3622.0	1341.0	4357.0	3900.0	696.0	5331.0	7032.0	5144.0	3885.0	3652.0	257.0	479.0	406.0	2364.0	82372.3	1174849.0	1431686.192644
sub-0154	926.0	451.0	2070.0	1489.0	446.0	3161.0	4751.0	3650.0	668.0	5242.0	2417.0	2699.0	1630.0	3235.0	605.0	1250.0	1471.0	698.0	1440.0	1243.0	3715.0	904.0	4694.0	3378.0	771.0	5641.0	6355.0	5659.0	3744.0	3452.0	274.0	508.0	416.0	1946.0	80989.5	1124285.0	1408099.524744
sub-0155	1439.0	637.0	2355.0	1728.0	442.0	2901.0	5731.0	3886.0	1370.0	6022.0	3022.0	3484.0	1976.0	3737.0	740.0	1280.0	1858.0	776.0	1607.0	1680.0	4838.0	1357.0	4863.0	4295.0	812.0	5967.0	7587.0	5525.0	4001.0	5416.0	291.0	489.0	436.0	2448.0	94980.1	1296459.0	1725216.128586
sub-0156	1006.0	519.0	2106.0	1615.0	554.0	3029.0	4708.0	3467.0	1138.0	4974.0	2535.0	3629.0	1961.0	2935.0	554.0	1425.0	1899.0	735.0	1624.0	1791.0	4138.0	1266.0	4884.0	4067.0	686.0	5745.0	7420.0	5099.0	3584.0	5034.0	276.0	509.0	386.0	2428.0	87723.8	1132616.0	1523832.725016
sub-0157	800.0	795.0	2293.0	1946.0	397.0	3436.0	5381.0	3679.0	1102.0	5414.0	2609.0	3134.0	2041.0	3528.0	751.0	1351.0	1691.0	733.0	1156.0	1757.0	4452.0	1518.0	4981.0	4038.0	943.0	5902.0	8155.0	5947.0	4499.0	4327.0	302.0	408.0	502.0	2412.0	92322.9	1196794.0	1246740.565978
sub-0158	1316.0	572.0	2089.0	1212.0	445.0	3062.0	4748.0	2705.0	1048.0	4694.0	2714.0	2579.0	1515.0	3414.0	635.0	1388.0	1634.0	722.0	1320.0	1041.0	3836.0	1258.0	4699.0	3572.0	799.0	6040.0	7440.0	5304.0	4256.0	4411.0	309.0	434.0	447.0	2561.0	84206.4	1140746.0	1506750.044298
sub-0159	1162.0	865.0	2404.0	1642.0	386.0	4020.0	5845.0	4114.0	1050.0	5700.0	2811.0	2371.0	1808.0	4089.0	806.0	1604.0	1599.0	644.0	1455.0	1020.0	4281.0	1348.0	5430.0	4793.0	956.0	5612.0	7930.0	6458.0	4541.0	4770.0	252.0	515.0	473.0	2502.0	95253.4	1329475.0	1869415.720584
sub-0160	1314.0	799.0	2526.0	1254.0	417.0	3530.0	5205.0	4018.0	1032.0	6085.0	2579.0	2134.0	1822.0	3701.0	782.0	1410.0	1751.0	705.0	1386.0	1039.0	4132.0	1268.0	5696.0	3699.0	874.0	6580.0	8711.0	5286.0	5036.0	4300.0	300.0	435.0	583.0	2439.0	92825.4	1241604.0	1676307.142224
sub-0161	959.0	585.0	2350.0	1993.0	671.0	3274.0	3924.0	3407.0	1285.0	6299.0	2807.0	3285.0	1695.0	2975.0	745.0	1517.0	1610.0	832.0	1515.0	1736.0	4068.0	1192.0	5022.0	3839.0	891.0	6494.0	7617.0	4489.0	4331.0	3866.0	256.0	544.0	555.0	2312.0	88925.9	1247134.0	1602061.22089
sub-0162	1178.0	557.0	2142.0	1548.0	737.0	3117.0	4867.0	3250.0	1120.0	5096.0	2701.0	2514.0	1947.0	3036.0	625.0	1452.0	1914.0	768.0	1733.0	1392.0	4341.0	1218.0	4736.0	3358.0	1035.0	6113.0	8204.0	5029.0	4731.0	5056.0	320.0	552.0	594.0	2827.0	89792.9	1191848.0	1344554.555009
sub-0163	911.0	649.0	2876.0	1630.0	415.0	3147.0	4456.0	3701.0	1137.0	5250.0	2763.0	3020.0	2180.0	3212.0	623.0	1292.0	1612.0	713.0	1386.0	1411.0	3979.0	1239.0	5128.0	4214.0	755.0	6363.0	7513.0	5340.0	4490.0	4489.0	277.0	563.0	528.0	2285.0	89538.1	1183333.0	1294739.797538
sub-0164	861.0	421.0	2142.0	1461.0	375.0	3268.0	4416.0	3493.0	1055.0	5144.0	2345.0	2732.0	1464.0	3543.0	662.0	1272.0	1393.0	682.0	1232.0	1270.0	3988.0	1096.0	4456.0	3865.0	646.0	6579.0	6796.0	5151.0	3901.0	4730.0	310.0	454.0	478.0	2152.0	83786.0	1096547.0	1188231.934878
sub-0165	952.0	544.0	1931.0	1600.0	420.0	3077.0	4199.0	3151.0	868.0	5620.0	2258.0	3241.0	1612.0	2853.0	672.0	1236.0	1402.0	709.0	1278.0	1322.0	3488.0	898.0	4590.0	3337.0	587.0	5624.0	7215.0	4833.0	4005.0	3550.0	316.0	458.0	444.0	2118.0	80402.9	1078700.0	1483535.133
sub-0166	997.0	567.0	2026.0	1167.0	477.0	3141.0	4232.0	3408.0	936.0	5137.0	2510.0	2568.0	1629.0	2840.0	621.0	1286.0	1547.0	644.0	1367.0	1011.0	4362.0	1275.0	4636.0	3228.0	742.0	5315.0	6621.0	4572.0	3928.0	3640.0	286.0	469.0	511.0	2013.0	79702.0	1046479.0	1114885.546577
sub-0167	1049.0	718.0	3262.0	1439.0	430.0	3076.0	5374.0	3462.0	863.0	5307.0	2901.0	2595.0	1992.0	3324.0	821.0	1367.0	1534.0	771.0	1595.0	1097.0	4649.0	1144.0	5001.0	3573.0	897.0	6905.0	8734.0	5445.0	4363.0	4688.0	262.0	411.0	625.0	2523.0	92194.2	1262657.0	1396117.635519
sub-0168	1026.0	588.0	1865.0	1002.0	347.0	3203.0	5275.0	3229.0	917.0	4844.0	2368.0	2625.0	1478.0	2971.0	711.0	1405.0	1542.0	594.0	1389.0	996.0	4184.0	1126.0	4484.0	3773.0	588.0	5386.0	6449.0	5101.0	3656.0	3223.0	260.0	413.0	457.0	2003.0	79476.5	1070708.0	1068907.036454
sub-0169	876.0	565.0	2351.0	1547.0	576.0	3040.0	3483.0	3025.0	869.0	5410.0	2518.0	3074.0	1703.0	2757.0	607.0	1435.0	1504.0	651.0	1354.0	1329.0	3643.0	915.0	5141.0	3355.0	725.0	5305.0	7231.0	4920.0	3843.0	2978.0	239.0	451.0	491.0	2225.0	80126.9	1107565.0	1332878.998056
sub-0170	1032.0	535.0	2148.0	1212.0	339.0	2695.0	5068.0	3513.0	970.0	4380.0	2605.0	2605.0	1552.0	3673.0	558.0	1267.0	1637.0	719.0	1389.0	1018.0	4121.0	1219.0	5109.0	3431.0	702.0	6040.0	7700.0	5499.0	3471.0	3747.0	279.0	397.0	379.0	2312.0	83305.8	1053415.0	1088755.12353
sub-0171	838.0	379.0	1963.0	1232.0	456.0	2615.0	4242.0	2872.0	931.0	4132.0	2536.0	2840.0	1845.0	2678.0	593.0	1416.0	1484.0	607.0	1253.0	1190.0	3639.0	938.0	3663.0	3556.0	507.0	5215.0	6430.0	4819.0	3290.0	3027.0	257.0	459.0	331.0	2178.0	74400.9	1029824.0	1126175.098684
sub-0172	768.0	536.0	2450.0	1686.0	387.0	2688.0	3797.0	2813.0	949.0	4683.0	2531.0	2774.0	1878.0	2798.0	567.0	1165.0	1331.0	647.0	1154.0	1552.0	3860.0	1070.0	4968.0	3775.0	773.0	5431.0	7510.0	4953.0	3710.0	3923.0	242.0	431.0	513.0	2275.0	80497.6	1106757.0	1180936.690315
sub-0173	1008.0	565.0	2005.0	1633.0	444.0	3184.0	4514.0	3194.0	817.0	5351.0	2974.0	3022.0	1888.0	3122.0	580.0	1261.0	1678.0	726.0	1203.0	1456.0	3709.0	1039.0	4801.0	4350.0	799.0	5468.0	6873.0	6200.0	4295.0	4722.0	283.0	476.0	585.0	2381.0	86602.2	1183561.0	1364461.961894
sub-0174	1143.0	478.0	2433.0	1416.0	472.0	2909.0	4351.0	3198.0	878.0	4343.0	2566.0	3137.0	1803.0	3245.0	584.0	1316.0	1987.0	664.0	1554.0	1252.0	3534.0	1147.0	4217.0	3466.0	574.0	5270.0	6597.0	5729.0	3890.0	4030.0	248.0	433.0	488.0	2197.0	81537.6	1108649.0	1250543.228796
sub-0175	957.0	631.0	2521.0	1642.0	391.0	3002.0	4373.0	3300.0	1111.0	6147.0	2130.0	3024.0	1856.0	2859.0	703.0	1288.0	1588.0	599.0	1085.0	1407.0	3951.0	1182.0	5212.0	3234.0	670.0	5695.0	7882.0	4662.0	4098.0	4557.0	280.0	486.0	515.0	2210.0	85235.5	1203609.0	1397912.491468
sub-0176	1035.0	543.0	2178.0	1359.0	636.0	3193.0	4972.0	3693.0	871.0	5859.0	2517.0	2758.0	1863.0	3487.0	726.0	1422.0	1758.0	734.0	1461.0	1025.0	3840.0	1190.0	4396.0	3945.0	899.0	6301.0	7168.0	5333.0	3990.0	3660.0	323.0	478.0	404.0	2165.0	86178.8	1161984.0	1515596.878423
sub-0177	1143.0	532.0	2653.0	1455.0	379.0	3412.0	5156.0	3625.0	1490.0	5344.0	2943.0	3489.0	1824.0	3780.0	830.0	1359.0	1502.0	775.0	1359.0	1574.0	4171.0	1111.0	5235.0	3994.0	783.0	7077.0	7648.0	6004.0	4600.0	5911.0	258.0	547.0	439.0	2620.0	95008.2	1336472.0	1462053.042068
sub-0178	931.0	533.0	1849.0	1419.0	529.0	3016.0	5086.0	3573.0	1098.0	5041.0	2772.0	2567.0	2057.0	3119.0	663.0	1281.0	1961.0	787.0	1478.0	1231.0	3589.0	1136.0	3975.0	4260.0	817.0	6506.0	7592.0	5965.0	4432.0	3905.0	260.0	528.0	473.0	2317.0	86739.0	1232195.0	1382342.680047
sub-0179	903.0	541.0	2320.0	1461.0	467.0	2658.0	4292.0	2684.0	773.0	4781.0	2425.0	2914.0	1767.0	2758.0	547.0	1464.0	1287.0	670.0	1039.0	1283.0	3883.0	936.0	4763.0	3668.0	628.0	5096.0	7406.0	4739.0	3356.0	2997.0	244.0	457.0	416.0	2135.0	77745.1	1018270.0	1122713.412136
sub-0180	1089.0	656.0	2934.0	1598.0	484.0	2981.0	4411.0	3492.0	738.0	5119.0	2635.0	2739.0	2074.0	3380.0	558.0	1293.0	1787.0	670.0	1155.0	1390.0	3490.0	1044.0	5801.0	3090.0	914.0	5474.0	7996.0	4003.0	4034.0	3213.0	267.0	502.0	441.0	2135.0	83587.0	1182803.0	1344093.40582
sub-0181	1074.0	492.0	1709.0	1615.0	415.0	3389.0	5191.0	3353.0	911.0	5455.0	2394.0	2879.0	1660.0	3367.0	618.0	1382.0	1521.0	767.0	1556.0	1411.0	3882.0	1042.0	4272.0	3683.0	714.0	5367.0	7200.0	4521.0	4249.0	3554.0	270.0	470.0	430.0	2198.0	83011.1	1114971.0	1208157.976809
sub-0182	1095.0	841.0	2582.0	1790.0	540.0	3337.0	4409.0	3980.0	1018.0	6176.0	3104.0	3170.0	2099.0	3882.0	780.0	1459.0	2043.0	970.0	1820.0	1509.0	3846.0	1340.0	4917.0	4149.0	879.0	6744.0	8041.0	4749.0	3957.0	4196.0	307.0	472.0	453.0	2561.0	93215.6	1218886.0	1707703.489784
sub-0183	1058.0	563.0	2293.0	1729.0	406.0	3085.0	4612.0	2547.0	1096.0	5093.0	2358.0	3563.0	1764.0	2738.0	636.0	1347.0	1948.0	749.0	1445.0	1600.0	4302.0	1191.0	4565.0	4164.0	910.0	5984.0	8430.0	5593.0	3744.0	4217.0	283.0	427.0	562.0	2356.0	87357.7	1222139.0	1389022.790286
sub-0184	843.0	664.0	2352.0	1491.0	545.0	3044.0	5253.0	3514.0	1156.0	4657.0	2487.0	2405.0	1726.0	3072.0	607.0	1282.0	1645.0	690.0	1452.0	1076.0	4231.0	1089.0	5138.0	3961.0	765.0	5325.0	7773.0	5445.0	3674.0	3436.0	310.0	463.0	461.0	2352.0	84386.1	1119673.0	1421105.874308
sub-0185	824.0	510.0	2141.0	1655.0	451.0	2755.0	4225.0	3115.0	928.0	4967.0	2345.0	3009.0	1793.0	3154.0	546.0	1274.0	1438.0	548.0	1191.0	1671.0	4073.0	1198.0	4473.0	3722.0	630.0	4931.0	6753.0	5329.0	3899.0	4217.0	260.0	437.0	422.0	2060.0	80930.3	1031360.0	1164638.993604
sub-0186	1015.0	460.0	2316.0	1266.0	481.0	2941.0	4108.0	3569.0	855.0	4850.0	2453.0	2776.0	1651.0	3604.0	696.0	1157.0	1399.0	688.0	1070.0	1049.0	3913.0	868.0	4877.0	3704.0	785.0	5753.0	7090.0	5224.0	4057.0	3696.0	248.0	473.0	522.0	2372.0	81970.4	1131354.0	1182270.431873
sub-0187	827.0	490.0	2394.0	1203.0	427.0	2908.0	4205.0	2725.0	892.0	4447.0	2500.0	2525.0	1411.0	2147.0	525.0	1235.0	1592.0	707.0	1454.0	1132.0	3658.0	1150.0	4760.0	3419.0	580.0	5206.0	7664.0	4647.0	3662.0	3299.0	230.0	487.0	422.0	1945.0	76870.1	978911.0	1000616.99038
sub-0188	1022.0	605.0	2204.0	1336.0	534.0	3166.0	5068.0	3576.0	957.0	5062.0	2498.0	2364.0	1864.0	3496.0	723.0	1475.0	1392.0	698.0	1136.0	961.0	4319.0	1264.0	4694.0	3620.0	686.0	5923.0	7794.0	5535.0	4219.0	5298.0	288.0	522.0	448.0	2368.0	87085.8	1171115.0	1671464.758941
sub-0189	976.0	598.0	1973.0	1353.0	655.0	3853.0	4304.0	3313.0	983.0	4730.0	2988.0	3208.0	1876.0	2997.0	776.0	1395.0	2079.0	783.0	1527.0	1288.0	3609.0	1132.0	4778.0	4150.0	586.0	5254.0	7127.0	5793.0	4275.0	4969.0	261.0	518.0	396.0	2372.0	86871.9	1193360.0	1408474.652249
sub-0190	965.0	502.0	2272.0	1059.0	456.0	2600.0	4484.0	3193.0	998.0	4322.0	2357.0	2427.0	1604.0	3037.0	560.0	1371.0	1348.0	662.0	1228.0	1033.0	3734.0	1200.0	4493.0	3615.0	727.0	5312.0	7618.0	4859.0	4061.0	4003.0	235.0	445.0	438.0	2192.0	79408.0	1070956.0	1109211.719412
sub-0191	1003.0	605.0	1968.0	1240.0	537.0	3116.0	4814.0	3267.0	1000.0	5154.0	2148.0	2799.0	1588.0	3203.0	724.0	1139.0	1789.0	638.0	1515.0	1181.0	4283.0	1175.0	4791.0	3629.0	605.0	5494.0	6763.0	5264.0	3234.0	3630.0	281.0	406.0	374.0	2259.0	81526.5	1089870.0	1177626.199735
sub-0192	1158.0	390.0	2411.0	1136.0	453.0	3451.0	4661.0	2902.0	871.0	5216.0	2464.0	2844.0	1756.0	3126.0	642.0	1205.0	1403.0	589.0	1357.0	1029.0	4012.0	1024.0	4500.0	3544.0	634.0	4788.0	7049.0	4697.0	4410.0	4463.0	254.0	522.0	447.0	2220.0	81618.1	1091124.0	1124688.764518
sub-0193	1185.0	672.0	2701.0	1599.0	593.0	3266.0	4615.0	3614.0	1094.0	4981.0	2408.0	3345.0	2017.0	3335.0	711.0	1369.0	1837.0	659.0	1262.0	1599.0	4423.0	1294.0	4654.0	3935.0	710.0	5496.0	6839.0	5837.0	4099.0	4672.0	253.0	521.0	441.0	2285.0	88307.8	1200612.0	1497110.433836
sub-0194	1062.0	668.0	2335.0	1269.0	274.0	2401.0	4666.0	3107.0	960.0	4574.0	2194.0	2374.0	1611.0	3281.0	519.0	1194.0	1474.0	679.0	1126.0	1062.0	3640.0	1100.0	4397.0	3598.0	736.0	5573.0	5640.0	5055.0	3654.0	3690.0	253.0	371.0	368.0	1991.0	76892.9	1023368.0	1084886.607425
sub-0195	1279.0	474.0	2615.0	1452.0	530.0	3254.0	4777.0	4028.0	978.0	4853.0	2704.0	3311.0	1979.0	3465.0	745.0	1295.0	1511.0	770.0	1430.0	1169.0	4039.0	1221.0	5151.0	4097.0	725.0	6439.0	7648.0	6270.0	3846.0	4646.0	289.0	483.0	393.0	2392.0	90249.3	1241762.0	1538419.454402
sub-0196	799.0	635.0	2721.0	1766.0	423.0	2872.0	4444.0	2829.0	973.0	5697.0	2955.0	3060.0	2171.0	3593.0	604.0	1421.0	1585.0	830.0	1360.0	1541.0	5021.0	1050.0	4927.0	4288.0	961.0	7461.0	7845.0	6346.0	4528.0	3763.0	301.0	392.0	520.0	2272.0	91947.4	1228295.0	1668423.982499
sub-0197	952.0	538.0	2121.0	1340.0	443.0	2986.0	3801.0	3002.0	964.0	5041.0	2432.0	3413.0	1674.0	2899.0	593.0	1205.0	1617.0	646.0	1139.0	1422.0	3572.0	1073.0	4162.0	3159.0	872.0	5224.0	6991.0	4078.0	3920.0	3972.0	233.0	421.0	452.0	1992.0	78337.5	1044056.0	1258306.734204
sub-0198	1145.0	738.0	2819.0	1843.0	496.0	3389.0	5860.0	4555.0	1258.0	6079.0	2924.0	3475.0	2186.0	3945.0	670.0	1549.0	1515.0	944.0	1462.0	1884.0	5048.0	1330.0	5327.0	4251.0	986.0	7910.0	9267.0	6519.0	4602.0	4641.0	287.0	601.0	563.0	2485.0	102456.0	1365519.0	1458897.139023
sub-0199	1122.0	487.0	1886.0	1381.0	521.0	3063.0	4956.0	3407.0	891.0	5137.0	2449.0	2678.0	1691.0	3298.0	572.0	1244.0	1442.0	631.0	1325.0	1260.0	3484.0	1092.0	3975.0	3309.0	827.0	4675.0	6420.0	4027.0	3976.0	3525.0	188.0	440.0	393.0	1970.0	77733.3	1103141.0	1194569.533889
sub-0200	1066.0	557.0	2800.0	1573.0	526.0	3131.0	3935.0	3339.0	1046.0	5533.0	2597.0	2793.0	1856.0	3182.0	686.0	1326.0	1441.0	673.0	1150.0	1225.0	4154.0	1279.0	5086.0	3461.0	689.0	5468.0	7136.0	5789.0	3786.0	4590.0	234.0	476.0	469.0	2110.0	85053.6	1129728.0	1339088.964463
sub-0201	1061.0	576.0	2581.0	1268.0	488.0	3581.0	4623.0	3785.0	1137.0	5888.0	2745.0	3529.0	2000.0	3764.0	606.0	1399.0	1888.0	766.0	1642.0	1486.0	3805.0	1120.0	5047.0	3595.0	777.0	6010.0	8164.0	6116.0	3985.0	3761.0	286.0	417.0	403.0	2164.0	90457.8	1251487.0	1453753.118797
sub-0202	1111.0	582.0	2132.0	1490.0	382.0	2531.0	4451.0	3467.0	882.0	4857.0	2612.0	3138.0	1936.0	3171.0	573.0	1359.0	1464.0	649.0	1042.0	1384.0	4114.0	1084.0	4875.0	3731.0	873.0	5052.0	6356.0	6207.0	3701.0	3523.0	277.0	509.0	408.0	2157.0	82080.6	1067239.0	1192080.919068
sub-0203	1308.0	561.0	2274.0	1515.0	412.0	3655.0	5264.0	4025.0	1035.0	6343.0	2794.0	3006.0	2034.0	3688.0	634.0	1375.0	1694.0	824.0	1331.0	1290.0	3920.0	1297.0	5172.0	3977.0	674.0	6784.0	7292.0	5019.0	4521.0	4101.0	250.0	485.0	603.0	2343.0	91492.3	1238455.0	1667863.760176
sub-0204	820.0	568.0	1898.0	1334.0	387.0	2377.0	4155.0	2955.0	946.0	4578.0	2611.0	2685.0	1649.0	2904.0	552.0	1302.0	1678.0	627.0	1496.0	1124.0	3548.0	1065.0	4557.0	3244.0	729.0	4912.0	6764.0	4434.0	3581.0	3108.0	257.0	493.0	401.0	2201.0	75937.9	1033163.0	992735.380142
sub-0205	1090.0	704.0	2366.0	1377.0	496.0	3122.0	4951.0	3297.0	934.0	5326.0	2597.0	2833.0	2107.0	3256.0	588.0	1625.0	1795.0	663.0	1310.0	1226.0	4298.0	1343.0	4966.0	3977.0	979.0	5693.0	7912.0	5107.0	3754.0	3872.0	263.0	431.0	433.0	2250.0	86937.1	1160996.0	1563914.777924
sub-0206	1094.0	823.0	2414.0	1478.0	513.0	3097.0	4505.0	3226.0	952.0	5177.0	2474.0	3167.0	2039.0	3260.0	554.0	1498.0	1247.0	717.0	1055.0	1299.0	5003.0	1053.0	4723.0	4081.0	955.0	5011.0	7597.0	6106.0	3553.0	4470.0	299.0	486.0	436.0	1962.0	86316.3	1150456.0	1339237.223034
sub-0207	1114.0	645.0	2317.0	1446.0	429.0	3219.0	5296.0	3351.0	1151.0	6309.0	2752.0	3201.0	1766.0	3367.0	710.0	1387.0	1749.0	785.0	1347.0	1235.0	4943.0	1312.0	4791.0	4186.0	1132.0	6699.0	7943.0	5451.0	4002.0	5427.0	231.0	492.0	486.0	2507.0	93153.0	1259833.0	1649140.369493
sub-0208	896.0	605.0	2005.0	1566.0	390.0	2754.0	3820.0	2863.0	972.0	4703.0	2375.0	2819.0	1729.0	2902.0	719.0	1208.0	1678.0	570.0	1363.0	1206.0	4456.0	1196.0	4675.0	3648.0	580.0	5508.0	6867.0	5506.0	4242.0	3976.0	301.0	412.0	464.0	2133.0	81096.8	1075334.0	1060995.521317
sub-0209	1141.0	624.0	2596.0	1919.0	351.0	3470.0	5456.0	4315.0	1126.0	5531.0	3223.0	3398.0	2058.0	4005.0	685.0	1555.0	2015.0	769.0	1442.0	1525.0	4655.0	1426.0	6035.0	4840.0	849.0	6623.0	8867.0	6205.0	4906.0	4759.0	270.0	474.0	501.0	2651.0	100262.0	1385722.0	1848661.061498
sub-0210	1002.0	557.0	2193.0	1401.0	250.0	2670.0	4490.0	2730.0	992.0	4803.0	2185.0	2772.0	1617.0	2938.0	626.0	1248.0	1677.0	645.0	1334.0	1226.0	3617.0	1214.0	4610.0	3633.0	601.0	4460.0	6506.0	5525.0	3258.0	3359.0	274.0	386.0	386.0	2174.0	77355.7	1040520.0	1342570.105113
sub-0211	753.0	600.0	1711.0	1484.0	418.0	2951.0	4386.0	3060.0	888.0	5401.0	2368.0	3250.0	1537.0	2819.0	637.0	1315.0	1478.0	671.0	1349.0	1550.0	3635.0	1056.0	4487.0	3410.0	805.0	5917.0	7404.0	5060.0	3530.0	3345.0	259.0	434.0	424.0	2438.0	80827.8	1064667.0	1395877.819049
sub-0212	1024.0	674.0	2796.0	1739.0	433.0	3852.0	4042.0	3438.0	897.0	5549.0	3002.0	3292.0	1859.0	3270.0	850.0	1430.0	2051.0	836.0	1874.0	1646.0	4192.0	1170.0	4917.0	3410.0	1090.0	7023.0	7539.0	5465.0	4431.0	3253.0	318.0	521.0	595.0	2170.0	90644.4	1272058.0	1690078.280264
sub-0213	924.0	1137.0	2975.0	2090.0	458.0	3647.0	4340.0	3771.0	1268.0	5803.0	3206.0	4036.0	2354.0	3287.0	747.0	1430.0	1686.0	806.0	1671.0	2034.0	4741.0	1242.0	5799.0	4807.0	1362.0	7315.0	9626.0	6725.0	4424.0	5021.0	281.0	498.0	629.0	2448.0	102586.0	1374934.0	1803991.743275
sub-0214	1229.0	596.0	2688.0	1536.0	564.0	4413.0	5042.0	3596.0	1443.0	6167.0	3008.0	3647.0	2436.0	3491.0	795.0	1645.0	1810.0	936.0	1431.0	1896.0	5035.0	1252.0	5984.0	4490.0	1098.0	6804.0	8626.0	5573.0	4513.0	5045.0	259.0	476.0	494.0	2439.0	100449.0	1318561.0	1509055.969452
sub-0215	849.0	1071.0	3294.0	1732.0	347.0	3492.0	5593.0	3669.0	1205.0	6554.0	2993.0	3095.0	2481.0	3179.0	704.0	1270.0	1691.0	724.0	1469.0	1505.0	4287.0	1640.0	4394.0	3835.0	1099.0	6867.0	7581.0	6352.0	3902.0	4464.0	294.0	458.0	511.0	2299.0	94896.5	1269350.0	1209103.356156
sub-0216	826.0	659.0	2426.0	1573.0	542.0	3844.0	4784.0	3258.0	1072.0	6274.0	2729.0	3375.0	2172.0	2828.0	709.0	1426.0	1562.0	876.0	1709.0	1467.0	3505.0	1240.0	4816.0	4450.0	779.0	6133.0	7866.0	6788.0	3743.0	4029.0	288.0	510.0	478.0	2278.0	91001.2	1125366.0	1541804.522307
sub-0217	902.0	644.0	2570.0	1333.0	581.0	3857.0	4232.0	3910.0	962.0	5563.0	2909.0	2565.0	1873.0	3393.0	759.0	1445.0	1645.0	719.0	1624.0	1268.0	4236.0	1322.0	5243.0	3919.0	945.0	5762.0	8578.0	5788.0	4317.0	4162.0	257.0	490.0	510.0	2367.0	90644.9	1227799.0	1606021.742306
sub-0218	862.0	678.0	1981.0	1253.0	404.0	2991.0	3895.0	3008.0	1032.0	3861.0	2812.0	2506.0	1763.0	2989.0	640.0	1343.0	1690.0	666.0	1489.0	999.0	4227.0	1274.0	5169.0	4154.0	816.0	5673.0	8588.0	5515.0	4064.0	4464.0	234.0	460.0	448.0	2014.0	83951.1	1104093.0	1196955.80607
sub-0219	954.0	502.0	2377.0	1649.0	436.0	2978.0	4657.0	3253.0	983.0	4992.0	2356.0	2842.0	1824.0	3151.0	636.0	1319.0	1856.0	581.0	1398.0	1497.0	3916.0	981.0	4364.0	2921.0	545.0	5242.0	7842.0	5127.0	4163.0	3833.0	263.0	531.0	522.0	2377.0	82849.6	1141454.0	1215124.082662
sub-0220	962.0	653.0	2101.0	1488.0	386.0	2659.0	5023.0	3391.0	947.0	4464.0	2726.0	2675.0	1791.0	2986.0	691.0	1255.0	1304.0	665.0	1151.0	1182.0	4268.0	1009.0	4278.0	4266.0	851.0	6200.0	7031.0	6110.0	3135.0	3577.0	262.0	476.0	358.0	1912.0	82229.7	1136076.0	1496029.90032
sub-0221	1051.0	428.0	2168.0	1522.0	579.0	3600.0	4795.0	3321.0	927.0	5484.0	2508.0	3520.0	1921.0	3371.0	759.0	1445.0	1441.0	746.0	1297.0	1621.0	4325.0	1068.0	4514.0	3776.0	715.0	5866.0	7783.0	5933.0	3826.0	3433.0	253.0	551.0	394.0	2206.0	87132.8	1205752.0	1309253.785275
sub-0222	905.0	643.0	2052.0	1413.0	525.0	3045.0	4481.0	3231.0	1015.0	4785.0	2160.0	3476.0	1659.0	3068.0	731.0	1246.0	1504.0	658.0	1147.0	1333.0	3896.0	1204.0	4570.0	3374.0	581.0	4737.0	6707.0	4539.0	3567.0	3048.0	286.0	487.0	396.0	2100.0	78568.6	1024683.0	1187630.051026
sub-0223	1171.0	563.0	2292.0	1354.0	402.0	2783.0	4756.0	3220.0	1089.0	5082.0	2923.0	2767.0	1900.0	3447.0	574.0	1240.0	1636.0	688.0	1049.0	942.0	4399.0	1074.0	4930.0	3789.0	764.0	5812.0	8174.0	4660.0	3982.0	3856.0	247.0	376.0	431.0	2201.0	84569.2	1080928.0	1210313.695283
sub-0224	945.0	612.0	3097.0	1543.0	525.0	3181.0	5300.0	3885.0	963.0	5573.0	2642.0	3148.0	1534.0	3254.0	577.0	1414.0	1346.0	722.0	1230.0	1493.0	4093.0	1364.0	5111.0	3958.0	761.0	6319.0	7468.0	5983.0	3643.0	3732.0	270.0	476.0	416.0	2058.0	88631.6	1140289.0	1302062.100708
sub-0225	1230.0	457.0	2270.0	1350.0	336.0	3050.0	4896.0	3151.0	1094.0	4729.0	2493.0	2559.0	1648.0	3490.0	607.0	1279.0	1657.0	631.0	1251.0	1121.0	3790.0	1036.0	4474.0	4033.0	746.0	5125.0	7645.0	5840.0	4718.0	5257.0	239.0	473.0	542.0	2163.0	85377.2	1080245.0	1395821.901545
sub-0226	984.0	534.0	2088.0	1360.0	435.0	2992.0	5302.0	3754.0	897.0	5242.0	2037.0	2872.0	1737.0	3150.0	696.0	1288.0	1865.0	725.0	1374.0	1067.0	3981.0	1181.0	4774.0	3853.0	879.0	5092.0	6867.0	5357.0	3607.0	3846.0	281.0	484.0	384.0	2437.0	83421.1	1257771.0	1583713.483139
